trial,attempt,time_played,level_size_y,player_pos,collision,current_input,drift_enabled,current_drift,level_done,input_noise_magnitude,input_noise_on,visible_obstacles,last_walls_tile,adjacent_wall_tiles_x_pos,visible_drift_tiles,SoC,action_goal_selected,action_goal_x,action_goal_y
3,1,7.414817810058594e-05,11214,"[658, -66]",False,Left,False,0.0,False,0.5,False,[],"[938, 11200]",,[],,True,406,601
3,1,0.02632880210876465,11214,"[658, -62]",False,Left,False,0.0,False,0.5,False,[],"[938, 11200]",,[],,False,406,601
3,1,0.0445249080657959,11214,"[658, -58]",False,Left,False,0.0,False,0.5,False,[],"[938, 11200]",,[],,False,406,601
3,1,0.06372904777526855,11214,"[658, -54]",False,Left,False,0.0,False,0.5,False,[],"[938, 11200]",,[],,False,406,601
3,1,0.08174300193786621,11214,"[658, -50]",False,Left,False,0.0,False,0.5,False,[],"[938, 11200]",,[],,False,406,601
3,1,0.09904289245605469,11214,"[658, -46]",False,Left,False,0.0,False,0.5,False,[],"[938, 11200]",,[],,False,406,601
3,1,0.11636686325073242,11214,"[658, -42]",False,Left,False,0.0,False,0.5,False,[],"[938, 11200]",,[],,False,406,601
3,1,0.13350796699523926,11214,"[658, -38]",False,Left,False,0.0,False,0.5,False,[],"[938, 11200]",,[],,False,406,601
3,1,0.15056180953979492,11214,"[658, -34]",False,Left,False,0.0,False,0.5,False,[],"[938, 11200]",,[],,False,406,601
3,1,0.16784906387329102,11214,"[658, -30]",False,Left,False,0.0,False,0.5,False,[],"[938, 11200]",,[],,False,406,601
3,1,0.18515992164611816,11214,"[658, -26]",False,Left,False,0.0,False,0.5,False,[],"[938, 11200]",,[],,False,406,601
3,1,0.20262479782104492,11214,"[658, -22]",False,Left,False,0.0,False,0.5,False,[],"[938, 11200]",,[],,False,406,601
3,1,0.2198929786682129,11214,"[658, -18]",False,Left,False,0.0,False,0.5,False,[],"[938, 11200]",,[],,False,406,601
3,1,0.2369098663330078,11214,"[658, -14]",False,Left,False,0.0,False,0.5,False,[],"[938, 11200]",,[],,False,406,601
3,1,0.25388503074645996,11214,"[658, -10]",False,Left,False,0.0,False,0.5,False,[],"[938, 11200]",,[],,False,406,601
3,1,0.2708320617675781,11214,"[658, -6]",False,Left,False,0.0,False,0.5,False,[],"[938, 11200]",,[],,False,406,601
3,1,0.2878408432006836,11214,"[658, -2]",False,Left,False,0.0,False,0.5,False,[],"[938, 11200]",,[],,False,406,601
3,1,0.30487680435180664,11214,"[658, 1]",False,Left,False,0.0,False,0.5,True,[],"[938, 11200]",,[],,False,406,601
3,1,0.3219139575958252,11214,"[658, 4]",False,Left,False,0.0,False,0.5,True,[],"[938, 11200]",,[],,False,406,601
3,1,0.33897995948791504,11214,"[658, 7]",False,Left,False,0.0,False,0.5,True,[],"[938, 11200]",,[],,False,406,601
3,1,0.3559908866882324,11214,"[658, 10]",False,Left,False,0.0,False,0.5,True,[],"[938, 11200]",,[],,False,406,601
3,1,0.3729419708251953,11214,"[658, 13]",False,Left,False,0.0,False,0.5,True,[],"[938, 11200]",,[],,False,406,601
3,1,0.39010190963745117,11214,"[658, 16]",False,Left,False,0.0,False,0.5,True,[],"[938, 11200]",,[],,False,406,601
3,1,0.4067988395690918,11214,"[658, 19]",False,Left,False,0.0,False,0.5,True,[],"[938, 11200]",,[],,False,406,601
3,1,0.42353010177612305,11214,"[658, 22]",False,Left,False,0.0,False,0.5,True,[],"[938, 11200]",,[],,False,406,601
3,1,0.440173864364624,11214,"[658, 25]",False,Left,False,0.0,False,0.5,True,[],"[938, 11200]",,[],,False,406,601
3,1,0.4568049907684326,11214,"[658, 28]",False,Left,False,0.0,False,0.5,True,[],"[938, 11200]",,[],,False,406,601
3,1,0.47344279289245605,11214,"[658, 31]",False,Left,False,0.0,False,0.5,True,[],"[938, 11200]",,[],,False,406,601
3,1,0.49009275436401367,11214,"[658, 34]",False,Left,False,0.0,False,0.5,True,[],"[938, 11200]",,[],,False,406,601
3,1,0.5072879791259766,11214,"[658, 37]",False,Left,False,0.0,False,0.5,True,[],"[938, 11200]",,[],,False,406,601
3,1,0.5241050720214844,11214,"[658, 40]",False,Left,False,0.0,False,0.5,True,[],"[938, 11200]",,[],,False,406,601
3,1,0.5410268306732178,11214,"[658, 43]",False,Left,False,0.0,False,0.5,True,[],"[938, 11200]",,[],,False,406,601
3,1,0.5578320026397705,11214,"[658, 46]",False,Left,False,0.0,False,0.5,True,[],"[938, 11200]",,[],,False,406,601
3,1,0.5746970176696777,11214,"[658, 49]",False,Left,False,0.0,False,0.5,True,[],"[938, 11200]",,[],,False,406,601
3,1,0.5914268493652344,11214,"[658, 52]",False,Left,False,0.0,False,0.5,True,[],"[938, 11200]",,[],,False,406,601
3,1,0.6081030368804932,11214,"[658, 55]",False,Left,False,0.0,False,0.5,True,[],"[938, 11200]",,[],,False,406,601
3,1,0.6248431205749512,11214,"[658, 58]",False,Left,False,0.0,False,0.5,True,[],"[938, 11200]",,[],,False,406,601
3,1,0.6415598392486572,11214,"[658, 61]",False,Left,False,0.0,False,0.5,True,[],"[938, 11200]",,[],,False,406,601
3,1,0.658513069152832,11214,"[658, 64]",False,Left,False,0.0,False,0.5,True,[],"[938, 11200]",,[],,False,406,601
3,1,0.675584077835083,11214,"[658, 67]",False,Left,False,0.0,False,0.5,True,[],"[938, 11200]",,[],,False,406,601
3,1,0.6928751468658447,11214,"[658, 70]",False,Left,False,0.0,False,0.5,True,[],"[938, 11200]",,[],,False,406,601
3,1,0.7100198268890381,11214,"[658, 73]",False,Left,False,0.0,False,0.5,True,[],"[938, 11200]",,[],,False,406,601
3,1,0.7272539138793945,11214,"[658, 76]",False,Left,False,0.0,False,0.5,True,[],"[938, 11200]",,[],,False,406,601
3,1,0.7449228763580322,11214,"[658, 79]",False,Left,False,0.0,False,0.5,True,[],"[938, 11200]",,[],,False,406,601
3,1,0.7624609470367432,11214,"[658, 82]",False,Left,False,0.0,False,0.5,True,[],"[938, 11200]",,[],,False,406,601
3,1,0.7799670696258545,11214,"[658, 85]",False,Left,False,0.0,False,0.5,True,[],"[938, 11200]",,[],,False,406,601
3,1,0.7972240447998047,11214,"[658, 88]",False,Left,False,0.0,False,0.5,True,[],"[938, 11200]",,[],,False,406,601
3,1,0.8144447803497314,11214,"[658, 91]",False,Left,False,0.0,False,0.5,True,[],"[938, 11200]",,[],,False,406,601
3,1,0.8315339088439941,11214,"[658, 94]",False,Left,False,0.0,False,0.5,True,[],"[938, 11200]",,[],,False,406,601
3,1,0.8483150005340576,11214,"[658, 97]",False,Left,False,0.0,False,0.5,True,[],"[938, 11200]",,[],,False,406,601
3,1,0.8651349544525146,11214,"[658, 100]",False,Left,False,0.0,False,0.5,True,[],"[938, 11200]",,[],,False,406,601
3,1,0.8819699287414551,11214,"[658, 103]",False,Left,False,0.0,False,0.5,True,[],"[938, 11200]",,[],,False,406,601
3,1,0.8987081050872803,11214,"[658, 106]",False,Left,False,0.0,False,0.5,True,[],"[938, 11200]",,[],,False,406,601
3,1,0.9154350757598877,11214,"[658, 109]",False,Left,False,0.0,False,0.5,True,[],"[938, 11200]",,[],,False,406,601
3,1,0.9321539402008057,11214,"[658, 112]",False,Left,False,0.0,False,0.5,True,[],"[938, 11200]",,[],,False,406,601
3,1,0.9490230083465576,11214,"[658, 115]",False,Left,False,0.0,False,0.5,True,[],"[938, 11200]",,[],,False,406,601
3,1,0.9657909870147705,11214,"[658, 118]",False,Left,False,0.0,False,0.5,True,[],"[938, 11200]",,[],,False,406,601
3,1,0.9824979305267334,11214,"[658, 121]",False,Left,False,0.0,False,0.5,True,[],"[938, 11200]",,[],,False,406,601
3,1,0.999363899230957,11214,"[658, 124]",False,Left,False,0.0,False,0.5,True,[],"[938, 11200]",,[],,False,406,601
3,1,1.0161700248718262,11214,"[658, 127]",False,Left,False,0.0,False,0.5,True,[],"[938, 11200]",,[],,False,406,601
3,1,1.0332691669464111,11214,"[658, 130]",False,Left,False,0.0,False,0.5,True,[],"[938, 11200]",,[],,False,406,601
3,1,1.050549030303955,11214,"[658, 133]",False,Left,False,0.0,False,0.5,True,[],"[938, 11200]",,[],,False,406,601
3,1,1.0677289962768555,11214,"[658, 136]",False,Left,False,0.0,False,0.5,True,[],"[938, 11200]",,[],,False,406,601
3,1,1.085035800933838,11214,"[658, 139]",False,Left,False,0.0,False,0.5,True,[],"[938, 11200]",,[],,False,406,601
3,1,1.1022748947143555,11214,"[658, 142]",False,Left,False,0.0,False,0.5,True,[],"[938, 11200]",,[],,False,406,601
3,1,1.1227920055389404,11214,"[658, 145]",False,Left,False,0.0,False,0.5,True,[],"[938, 11200]",,[],,False,406,601
3,1,1.1402587890625,11214,"[658, 148]",False,Left,False,0.0,False,0.5,True,[],"[938, 11200]",,[],,False,406,601
3,1,1.1578140258789062,11214,"[658, 151]",False,Left,False,0.0,False,0.5,True,[],"[938, 11200]",,[],,False,406,601
3,1,1.1749639511108398,11214,"[658, 154]",False,Left,False,0.0,False,0.5,True,[],"[938, 11200]",,[],,False,406,601
3,1,1.1924169063568115,11214,"[658, 157]",False,Left,False,0.0,False,0.5,True,[],"[938, 11200]",,[],,False,406,601
3,1,1.2116608619689941,11214,"[658, 160]",False,Left,False,0.0,False,0.5,True,[],"[938, 11200]",,[],,False,406,601
3,1,1.2293550968170166,11214,"[658, 163]",False,Left,False,0.0,False,0.5,True,[],"[938, 11200]",,[],,False,406,601
3,1,1.2469730377197266,11214,"[658, 166]",False,Left,False,0.0,False,0.5,True,[],"[938, 11200]",,[],,False,406,601
3,1,1.2641658782958984,11214,"[658, 169]",False,Left,False,0.0,False,0.5,True,[],"[938, 11200]",,[],,False,406,601
3,1,1.2812707424163818,11214,"[658, 172]",False,Left,False,0.0,False,0.5,True,[],"[938, 11200]",,[],,False,406,601
3,1,1.2983989715576172,11214,"[658, 175]",False,Left,False,0.0,False,0.5,True,[],"[938, 11200]",,[],,False,406,601
3,1,1.3156938552856445,11214,"[658, 178]",False,Left,False,0.0,False,0.5,True,[],"[938, 11200]",,[],,False,406,601
3,1,1.3330299854278564,11214,"[658, 181]",False,Left,False,0.0,False,0.5,True,[],"[938, 11200]",,[],,False,406,601
3,1,1.3502659797668457,11214,"[658, 184]",False,Left,False,0.0,False,0.5,True,[],"[938, 11200]",,[],,False,406,601
3,1,1.367553949356079,11214,"[658, 187]",False,Left,False,0.0,False,0.5,True,[],"[938, 11200]",,[],,False,406,601
3,1,1.3846931457519531,11214,"[658, 190]",False,Left,False,0.0,False,0.5,True,[],"[938, 11200]",,[],,False,406,601
3,1,1.401888132095337,11214,"[658, 193]",False,Left,False,0.0,False,0.5,True,[],"[938, 11200]",,[],,False,406,601
3,1,1.4190418720245361,11214,"[658, 196]",False,Left,False,0.0,False,0.5,True,[],"[938, 11200]",,[],,False,406,601
3,1,1.4362289905548096,11214,"[658, 199]",False,Left,False,0.0,False,0.5,True,[],"[938, 11200]",,[],,False,406,601
3,1,1.4534690380096436,11214,"[658, 202]",False,Left,False,0.0,False,0.5,True,[],"[938, 11200]",,[],,False,406,601
3,1,1.4709551334381104,11214,"[658, 205]",False,Left,False,0.0,False,0.5,True,[],"[938, 11200]",,[],,False,406,601
3,1,1.4883008003234863,11214,"[658, 208]",False,Left,False,0.0,False,0.5,True,[],"[938, 11195]",,[],,False,405.96011032665854,597.8888888888889
3,1,1.5079808235168457,11214,"[658, 208]",False,Left,False,0.0,False,0.5,True,[],"[941, 11190]",,[],,False,408.48761754905377,593.7777777777778
3,1,1.5274510383605957,11214,"[658, 208]",False,Left,False,0.0,False,0.5,True,[],"[948, 11185]",,[],,False,415.8154320378858,591.6666666666667
3,1,1.547173023223877,11214,"[658, 208]",False,Left,False,0.0,False,0.5,True,[],"[951, 11180]",,[],,False,419.01939292559723,588.5555555555557
3,1,1.5666649341583252,11214,"[658, 208]",False,Left,False,0.0,False,0.5,True,[],"[954, 11175]",,[],,False,421.43255631767454,586.4444444444446
3,1,1.5861930847167969,11214,"[658, 208]",False,Left,False,0.0,False,0.5,True,[],"[955, 11170]",,[],,False,421.6470908191329,583.3333333333335
3,1,1.6059091091156006,11214,"[658, 208]",False,Left,False,0.0,False,0.5,True,[],"[961, 11165]",,[],,False,428.7078346569202,580.2222222222224
3,1,1.6261699199676514,11214,"[658, 208]",False,Left,False,0.0,False,0.5,True,[],"[962, 11160]",,[],,False,430.4331585168739,578.1111111111113
3,1,1.6459929943084717,11214,"[658, 208]",False,Left,False,0.0,False,0.5,True,[],"[965, 11155]",,[],,False,432.6302111457533,574.0000000000002
3,1,1.6658971309661865,11214,"[658, 208]",False,Left,False,0.0,False,0.5,True,[],"[969, 11150]",,[],,False,437.0417312058114,571.8888888888891
3,1,1.6863389015197754,11214,"[658, 208]",False,Left,False,0.0,False,0.5,True,[],"[972, 11145]",,[],,False,441.2522462193122,569.777777777778
3,1,1.7066140174865723,11214,"[658, 208]",False,Left,False,0.0,False,0.5,True,[],"[979, 11140]",,[],,False,449.69820610531923,565.666666666667
3,1,1.7260539531707764,11214,"[658, 208]",False,Left,False,0.0,False,0.5,True,[],"[983, 11135]",,[],,False,453.49745190720483,563.5555555555559
3,1,1.7452938556671143,11214,"[658, 208]",False,Left,False,0.0,False,0.5,True,[],"[990, 11130]",,[],,False,459.85955216595755,560.4444444444448
3,1,1.7644801139831543,11214,"[658, 208]",False,Left,False,0.0,False,0.5,True,[],"[995, 11125]",,[],,False,466.06011149104205,556.3333333333337
3,1,1.7840101718902588,11214,"[658, 208]",False,Left,False,0.0,False,0.5,True,[],"[999, 11120]",,[],,False,470.3764048020517,554.2222222222226
3,1,1.8036839962005615,11214,"[658, 208]",False,Left,False,0.0,False,0.5,True,[],"[1001, 11115]",,[],,False,471.7885343166226,550.1111111111115
3,1,1.8233129978179932,11214,"[658, 208]",False,Left,False,0.0,False,0.5,True,[],"[1005, 11110]",,[],,False,476.1144656066897,547.0000000000005
3,1,1.8428750038146973,11214,"[658, 208]",False,Left,False,0.0,False,0.5,True,[],"[1009, 11105]",,[],,False,479.56249332742925,543.8888888888894
3,1,1.8625848293304443,11214,"[658, 208]",False,Left,False,0.0,False,0.5,True,[],"[1016, 11100]",,[],,False,488.3525171893012,539.7777777777783
3,1,1.8818349838256836,11214,"[658, 208]",False,Left,False,0.0,False,0.5,True,[],"[1016, 11095]",,[],,False,487.75563699231367,537.6666666666672
3,1,1.9012129306793213,11214,"[658, 208]",False,Left,False,0.0,False,0.5,True,[],"[1019, 11090]",,[],,False,490.6052058394019,535.5555555555561
3,1,1.920691967010498,11214,"[658, 208]",False,Left,False,0.0,False,0.5,True,[],"[1024, 11085]",,[],,False,495.4545207927767,531.444444444445
3,1,1.939713954925537,11214,"[658, 208]",False,Left,False,0.0,False,0.5,True,[],"[1028, 11080]",,[],,False,500.25369919724625,529.3333333333339
3,1,1.958815097808838,11214,"[658, 208]",False,Left,False,0.0,False,0.5,True,[],"[1033, 11075]",,[],,False,505.0028004419521,525.2222222222229
3,1,1.9779629707336426,11214,"[658, 208]",False,Left,False,0.0,False,0.5,True,[],"[1038, 11070]",,[],,False,511.67284946876924,521.1111111111118
3,1,1.9970660209655762,11214,"[658, 208]",False,Left,False,0.0,False,0.5,True,[],"[1039, 11065]",,[],,False,511.8820814539104,517.0000000000007
3,1,2.0160951614379883,11214,"[658, 208]",False,Left,False,0.0,False,0.5,True,[],"[1045, 11060]",,[],,False,517.0117862191727,514.8888888888896
3,1,2.0352959632873535,11214,"[658, 208]",False,Left,False,0.0,False,0.5,True,[],"[1052, 11055]",,[],,False,525.0663287562813,510.7777777777785
3,1,2.054533004760742,11214,"[658, 208]",False,Left,False,0.0,False,0.5,True,[],"[1055, 11050]",,[],,False,527.5383268545742,508.6666666666674
3,1,2.0736401081085205,11214,"[658, 208]",False,Left,False,0.0,False,0.5,True,[],"[1063, 11045]",,[],,False,537.4850785678808,504.55555555555634
3,1,2.092737913131714,11214,"[658, 208]",False,Left,False,0.0,False,0.5,True,[],"[1065, 11040]",,[],,False,540.6671853172563,500.44444444444525
3,1,2.1117970943450928,11214,"[658, 208]",False,Left,False,0.0,False,0.5,True,[],"[1073, 11035]",,[],,False,549.1246694101578,497.33333333333417
3,1,2.1309709548950195,11214,"[658, 208]",False,Left,False,0.0,False,0.5,True,[],"[1077, 11030]",,[],,False,554.205940712669,494.2222222222231
3,1,2.1501998901367188,11214,"[658, 208]",False,Left,False,0.0,False,0.5,True,[],"[1080, 11025]",,[],,False,558.3636706296303,491.111111111112
3,1,2.1692991256713867,11214,"[658, 208]",False,Left,False,0.0,False,0.5,True,[],"[1081, 11020]",,[],,False,561.154508702397,488.0000000000009
3,1,2.1883249282836914,11214,"[658, 208]",False,Left,False,0.0,False,0.5,True,[],"[1086, 11015]",,[],,False,566.2433854298081,483.8888888888898
3,1,2.207271099090576,11214,"[658, 208]",False,Left,False,0.0,False,0.5,True,[],"[1088, 11010]",,[],,False,569.1442489241,481.77777777777874
3,1,2.2263388633728027,11214,"[658, 208]",False,Left,False,0.0,False,0.5,True,[],"[1094, 11005]",,[],,False,576.084252390171,479.66666666666765
3,1,2.24546480178833,11214,"[658, 208]",False,Left,False,0.0,False,0.5,True,[],"[1099, 11000]",,[],,False,582.9430828250981,477.55555555555657
3,1,2.2643909454345703,11214,"[658, 208]",False,Left,False,0.0,False,0.5,True,[],"[1102, 10995]",,[],,False,587.1780546730257,475.4444444444455
3,1,2.2832868099212646,11214,"[658, 208]",False,Left,False,0.0,False,0.5,True,[],"[1106, 10990]",,[],,False,592.7145925379654,471.3333333333344
3,1,2.302435874938965,11214,"[658, 208]",False,Left,False,0.0,False,0.5,True,[],"[1115, 10985]",,[],,False,601.2340231724305,467.2222222222233
3,1,2.3214499950408936,11214,"[658, 208]",False,Left,False,0.0,False,0.5,True,[],"[1123, 10980]",,[],,False,609.4717610612362,463.1111111111122
3,1,2.340512752532959,11214,"[658, 208]",False,Left,False,0.0,False,0.5,True,[],"[1126, 10975]",,[],,False,614.3563072864282,461.00000000000114
3,1,2.359473943710327,11214,"[658, 208]",False,Left,False,0.0,False,0.5,True,[],"[1132, 10970]",,[],,False,621.261725376694,456.88888888889005
3,1,2.378566026687622,11214,"[658, 208]",False,Left,False,0.0,False,0.5,True,[],"[1137, 10965]",,[],,False,626.48647830048,454.77777777777897
3,1,2.3975119590759277,11214,"[658, 208]",False,Left,False,0.0,False,0.5,True,[],"[1141, 10960]",,[],,False,629.8072086254177,450.6666666666679
3,1,2.4165539741516113,11214,"[658, 208]",False,Left,False,0.0,False,0.5,True,[],"[1147, 10955]",,[],,False,637.4349610294737,448.5555555555568
3,1,2.4355809688568115,11214,"[658, 208]",False,Left,False,0.0,False,0.5,True,[],"[1153, 10950]",,[],,False,643.3023597625685,446.4444444444457
3,1,2.454559087753296,11214,"[658, 208]",False,Left,False,0.0,False,0.5,True,[],"[1158, 10945]",,[],,False,650.0321469047709,442.3333333333346
3,1,2.4734909534454346,11214,"[658, 208]",False,Left,False,0.0,False,0.5,True,[],"[1163, 10940]",,[],,False,654.4799044703493,439.22222222222354
3,1,2.4924509525299072,11214,"[658, 208]",False,Left,False,0.0,False,0.5,True,[],"[1166, 10935]",,[],,False,657.6023646525214,435.11111111111245
3,1,2.5114998817443848,11214,"[658, 208]",False,Left,False,0.0,False,0.5,True,[],"[1172, 10930]",,[],,False,663.4695836540952,431.00000000000136
3,1,2.5306379795074463,11214,"[658, 208]",False,,False,0.0,False,0.5,True,[],"[1179, 10925]",,[],,False,669.5491432219719,427.8888888888903
3,1,2.549593925476074,11214,"[658, 208]",False,,False,0.0,False,0.5,True,[],"[1179, 10920]",,[],,False,668.5491432219719,423.7777777777792
3,1,2.568325996398926,11214,"[658, 208]",False,,False,0.0,False,0.5,True,[],"[1179, 10915]",,[],,False,669.5491432219719,420.6666666666681
3,1,2.5869340896606445,11214,"[658, 208]",False,,False,0.0,False,0.5,True,[],"[1179, 10910]",,[],,False,668.5491432219719,418.555555555557
3,1,2.605592966079712,11214,"[658, 208]",False,,False,0.0,False,0.5,True,[],"[1179, 10905]",,[],,False,667.5491432219719,414.44444444444594
3,1,2.624269962310791,11214,"[658, 208]",False,,False,0.0,False,0.5,True,[],"[1179, 10900]",,[],,False,667.5491432219719,410.33333333333485
3,1,2.643056869506836,11214,"[658, 208]",False,,False,0.0,False,0.5,True,[],"[1179, 10895]",,[],,False,668.5491432219719,407.22222222222376
3,1,2.662086009979248,11214,"[658, 208]",False,,False,0.0,False,0.5,True,[],"[1179, 10890]",,[],,False,668.5491432219719,403.1111111111127
3,1,2.6807470321655273,11214,"[658, 208]",False,,False,0.0,False,0.5,True,"[[1123, 628]]","[1179, 10885]",,[],,False,669.5491432219719,400.0000000000016
3,1,2.6993350982666016,11214,"[658, 208]",False,,False,0.0,False,0.5,True,"[[1123, 623]]","[1179, 10880]",,[],,False,669.5491432219719,397.8888888888905
3,1,2.7183940410614014,11214,"[658, 208]",False,,False,0.0,False,0.5,True,"[[1123, 618]]","[1179, 10875]",,[],,False,669.5491432219719,395.7777777777794
3,1,2.7371060848236084,11214,"[658, 208]",False,,False,0.0,False,0.5,True,"[[1123, 613]]","[1179, 10870]",,[],,False,670.5491432219719,391.66666666666833
3,1,2.7556509971618652,11214,"[658, 208]",False,,False,0.0,False,0.5,True,"[[1123, 608]]","[1179, 10865]",,[],,False,670.5491432219719,389.55555555555725
3,1,2.7743189334869385,11214,"[658, 208]",False,,False,0.0,False,0.5,True,"[[1123, 603]]","[1179, 10860]",,[],,False,669.5491432219719,386.44444444444616
3,1,2.7933809757232666,11214,"[658, 208]",False,,False,0.0,False,0.5,True,"[[1123, 598], [969, 626]]","[1179, 10855]",,[],,False,669.5491432219719,383.3333333333351
3,1,2.812113046646118,11214,"[658, 208]",False,,False,0.0,False,0.5,True,"[[1123, 593], [969, 621]]","[1179, 10850]",,[],,False,669.5491432219719,381.222222222224
3,1,2.8306379318237305,11214,"[658, 208]",False,,False,0.0,False,0.5,True,"[[1123, 588], [969, 616]]","[1179, 10845]",,[],,False,668.5491432219719,377.1111111111129
3,1,2.849194049835205,11214,"[658, 208]",False,,False,0.0,False,0.5,True,"[[1123, 583], [969, 611]]","[1179, 10840]",,[],,False,668.5491432219719,375.0000000000018
3,1,2.867814064025879,11214,"[658, 208]",False,,False,0.0,False,0.5,True,"[[1123, 578], [969, 606]]","[1179, 10835]",,[],,False,668.5491432219719,371.88888888889073
3,1,2.887704849243164,11214,"[658, 208]",False,,False,0.0,False,0.5,True,"[[1123, 573], [969, 601]]","[1179, 10830]",,[],,False,669.5491432219719,368.77777777777965
3,1,2.9088127613067627,11214,"[658, 208]",False,,False,0.0,False,0.5,True,"[[1123, 568], [969, 596]]","[1179, 10825]",,[],,False,668.5491432219719,366.66666666666856
3,1,2.929227113723755,11214,"[658, 208]",False,,False,0.0,False,0.5,True,"[[1123, 563], [969, 591]]","[1179, 10820]",,[],,False,668.5491432219719,364.5555555555575
3,1,2.950699806213379,11214,"[658, 208]",False,,False,0.0,False,0.5,True,"[[1123, 558], [969, 586]]","[1179, 10815]",,[],,False,667.5491432219719,360.4444444444464
3,1,2.971014976501465,11214,"[658, 208]",False,,False,0.0,False,0.5,True,"[[1123, 553], [969, 581]]","[1179, 10810]",,[],,False,668.5491432219719,358.3333333333353
3,1,3.0068371295928955,11214,"[658, 208]",False,,False,0.0,False,0.5,True,"[[1123, 548], [969, 576]]","[1179, 10805]",,[],,False,668.5491432219719,354.2222222222242
3,1,3.032058000564575,11214,"[658, 208]",False,,False,0.0,False,0.5,True,"[[1123, 543], [969, 571]]","[1179, 10800]",,[],,False,668.5491432219719,351.11111111111313
3,1,3.0530269145965576,11214,"[658, 208]",False,,False,0.0,False,0.5,True,"[[1123, 538], [969, 566]]","[1179, 10795]",,[],,False,669.5491432219719,349.00000000000205
3,1,3.071971893310547,11214,"[658, 208]",False,,False,0.0,False,0.5,True,"[[1123, 533], [969, 561]]","[1179, 10790]",,[],,False,669.5491432219719,345.88888888889096
3,1,3.0912129878997803,11214,"[658, 208]",False,,False,0.0,False,0.5,True,"[[1123, 528], [969, 556]]","[1179, 10785]",,[],,False,668.5491432219719,341.7777777777799
3,1,3.1102919578552246,11214,"[658, 208]",False,,False,0.0,False,0.5,True,"[[1123, 523], [969, 551]]","[1179, 10780]",,[],,False,669.5491432219719,337.6666666666688
3,1,3.129251003265381,11214,"[658, 208]",False,Right,False,0.0,False,0.5,True,"[[1123, 518], [969, 546]]","[1179, 10775]",,[],,True,907,257
3,1,3.172105073928833,11214,"[658, 208]",False,Right,False,0.0,False,0.5,True,"[[1123, 513], [969, 541]]","[1170, 10770]",,[],,False,898.6236450056907,252.88888888888889
3,1,3.191344976425171,11214,"[658, 208]",False,Right,False,0.0,False,0.5,True,"[[1114, 508], [960, 536]]","[1163, 10765]",,[],,False,892.8360074738348,250.77777777777777
3,1,3.2104878425598145,11214,"[658, 208]",False,Right,False,0.0,False,0.5,True,"[[1107, 503], [953, 531]]","[1155, 10760]",,[],,False,884.4867039434604,246.66666666666666
3,1,3.229688882827759,11214,"[658, 208]",False,Right,False,0.0,False,0.5,True,"[[1099, 498], [945, 526]]","[1152, 10755]",,[],,False,881.887282997774,244.55555555555554
3,1,3.2492780685424805,11214,"[658, 208]",False,Right,False,0.0,False,0.5,True,"[[1096, 493], [942, 521]]","[1146, 10750]",,[],,False,876.1419401914761,240.44444444444443
3,1,3.2697408199310303,11214,"[658, 208]",False,Right,False,0.0,False,0.5,True,"[[1090, 488], [936, 516]]","[1143, 10745]",,[],,False,872.5859675101951,236.33333333333331
3,1,3.2890310287475586,11214,"[658, 208]",False,Right,False,0.0,False,0.5,True,"[[1087, 483], [933, 511]]","[1132, 10740]",,[],,False,860.7726614275109,233.2222222222222
3,1,3.3081979751586914,11214,"[658, 208]",False,Right,False,0.0,False,0.5,True,"[[1076, 478], [922, 506]]","[1130, 10735]",,[],,False,858.4292501867991,230.1111111111111
3,1,3.3273701667785645,11214,"[658, 208]",False,Right,False,0.0,False,0.5,True,"[[1074, 473], [920, 501]]","[1125, 10730]",,[],,False,853.4819493791782,225.99999999999997
3,1,3.346606969833374,11214,"[658, 208]",False,Right,False,0.0,False,0.5,True,"[[1069, 468], [915, 496]]","[1119, 10725]",,[],,False,847.3986780518497,223.88888888888886
3,1,3.365770101547241,11214,"[658, 208]",False,Right,False,0.0,False,0.5,True,"[[1063, 463], [909, 491]]","[1114, 10720]",,[],,False,843.92225799148,220.77777777777774
3,1,3.3847579956054688,11214,"[658, 208]",False,Right,False,0.0,False,0.5,True,"[[1058, 458], [904, 486], [988, 626]]","[1107, 10715]",,[],,False,838.7001636699835,217.66666666666663
3,1,3.408740997314453,11214,"[658, 208]",False,Right,False,0.0,False,0.5,True,"[[1051, 453], [897, 481], [981, 621]]","[1104, 10710]",,[],,False,837.3913173062729,213.55555555555551
3,1,3.428611993789673,11214,"[658, 208]",False,Right,False,0.0,False,0.5,True,"[[1048, 448], [894, 476], [978, 616]]","[1099, 10705]",,[],,False,831.9516742955676,211.4444444444444
3,1,3.4548487663269043,11214,"[658, 208]",False,Right,False,0.0,False,0.5,True,"[[1043, 443], [889, 471], [973, 611]]","[1092, 10700]",,[],,False,826.0538585849023,209.3333333333333
3,1,3.475029945373535,11214,"[658, 208]",False,Right,False,0.0,False,0.5,True,"[[1036, 438], [882, 466], [966, 606]]","[1085, 10695]",,[],,False,819.1751080104264,207.22222222222217
3,1,3.494791030883789,11214,"[658, 208]",False,Right,False,0.0,False,0.5,True,"[[1029, 433], [875, 461], [959, 601]]","[1081, 10690]",,[],,False,817.0087773448889,204.11111111111106
3,1,3.5161778926849365,11214,"[658, 208]",False,Right,False,0.0,False,0.5,True,"[[1025, 428], [871, 456], [955, 596]]","[1077, 10685]",,[],,False,814.6050282608101,200.99999999999994
3,1,3.535808801651001,11214,"[658, 208]",False,Right,False,0.0,False,0.5,True,"[[1021, 423], [867, 451], [951, 591]]","[1077, 10680]",,[],,False,814.6404315067955,198.88888888888883
3,1,3.5576159954071045,11214,"[658, 208]",False,Right,False,0.0,False,0.5,True,"[[1021, 418], [867, 446], [951, 586]]","[1073, 10675]",,[],,False,811.6051718875335,194.77777777777771
3,1,3.5774548053741455,11214,"[658, 208]",False,Right,False,0.0,False,0.5,True,"[[1017, 413], [863, 441], [947, 581]]","[1069, 10670]",,[],,False,807.4229179218379,190.6666666666666
3,1,3.5971548557281494,11214,"[658, 208]",False,Right,False,0.0,False,0.5,True,"[[1013, 408], [859, 436], [943, 576]]","[1062, 10665]",,[],,False,801.1867773348088,186.5555555555555
3,1,3.616525888442993,11214,"[658, 208]",False,Right,False,0.0,False,0.5,True,"[[1006, 403], [852, 431], [936, 571]]","[1057, 10660]",,[],,False,795.2800627605334,182.44444444444437
3,1,3.6356658935546875,11214,"[658, 208]",False,Right,False,0.0,False,0.5,True,"[[1001, 398], [847, 426], [931, 566]]","[1049, 10655]",,[],,False,787.4812817380828,180.33333333333326
3,1,3.655081033706665,11214,"[658, 208]",False,Right,False,0.0,False,0.5,True,"[[993, 393], [839, 421], [923, 561]]","[1045, 10650]",,[],,False,782.9376626384404,177.22222222222214
3,1,3.6845908164978027,11214,"[658, 208]",False,Right,False,0.0,False,0.5,True,"[[989, 388], [835, 416], [919, 556]]","[1042, 10645]",,[],,False,781.3940138758434,173.11111111111103
3,1,3.704901933670044,11214,"[658, 208]",False,Right,False,0.0,False,0.5,True,"[[986, 383], [832, 411], [916, 551]]","[1035, 10640]",,[],,False,774.1369486736946,169.99999999999991
3,1,3.724224090576172,11214,"[658, 208]",False,Right,False,0.0,False,0.5,True,"[[979, 378], [825, 406], [909, 546], [517, 630]]","[1027, 10635]",,[],,False,766.7208398718252,165.8888888888888
3,1,3.743483066558838,11214,"[658, 208]",False,Right,False,0.0,False,0.5,True,"[[971, 373], [817, 401], [901, 541], [509, 625]]","[1022, 10630]",,[],,False,763.6084658760325,163.7777777777777
3,1,3.7628250122070312,11214,"[658, 208]",False,Right,False,0.0,False,0.5,True,"[[966, 368], [812, 396], [896, 536], [504, 620]]","[1014, 10625]",,[],,False,755.343835835301,160.66666666666657
3,1,3.782829999923706,11214,"[658, 208]",False,Right,False,0.0,False,0.5,True,"[[958, 363], [804, 391], [888, 531], [496, 615]]","[1009, 10620]",,[],,False,750.4357519831536,158.55555555555546
3,1,3.803647041320801,11214,"[658, 208]",False,Right,False,0.0,False,0.5,True,"[[953, 358], [799, 386], [883, 526], [491, 610]]","[1006, 10615]",,[],,False,747.9591941673611,156.44444444444434
3,1,3.8232038021087646,11214,"[658, 208]",False,Right,False,0.0,False,0.5,True,"[[950, 353], [796, 381], [880, 521], [488, 605]]","[1003, 10610]",,[],,False,746.0790095997688,152.33333333333323
3,1,3.8427841663360596,11214,"[658, 208]",False,Right,False,0.0,False,0.5,True,"[[947, 348], [793, 376], [877, 516], [485, 600]]","[997, 10605]",,[],,False,740.6384067799429,150.22222222222211
3,1,3.8621530532836914,11214,"[658, 208]",False,Right,False,0.0,False,0.5,True,"[[941, 343], [787, 371], [871, 511], [479, 595]]","[989, 10600]",,[],,False,732.4799397152619,147.111111111111
3,1,3.8814280033111572,11214,"[658, 208]",False,Right,False,0.0,False,0.5,True,"[[933, 338], [779, 366], [863, 506], [471, 590]]","[984, 10595]",,[],,False,727.9559898233678,143.9999999999999
3,1,3.9006400108337402,11214,"[658, 208]",False,Right,False,0.0,False,0.5,True,"[[928, 333], [774, 361], [858, 501], [466, 585]]","[977, 10590]",,[],,False,720.3580136866117,140.88888888888877
3,1,3.919877052307129,11214,"[658, 208]",False,Right,False,0.0,False,0.5,True,"[[921, 328], [767, 356], [851, 496], [459, 580]]","[973, 10585]",,[],,False,717.8115992705914,136.77777777777766
3,1,3.9390628337860107,11214,"[658, 208]",False,Right,False,0.0,False,0.5,True,"[[917, 323], [763, 351], [847, 491], [455, 575]]","[971, 10580]",,[],,False,716.7972965827765,133.66666666666654
3,1,3.958176851272583,11214,"[658, 208]",False,Right,False,0.0,False,0.5,True,"[[915, 318], [761, 346], [845, 486], [453, 570]]","[965, 10575]",,[],,False,711.165661438918,130.55555555555543
3,1,3.977354049682617,11214,"[658, 208]",False,Right,False,0.0,False,0.5,True,"[[909, 313], [755, 341], [839, 481], [447, 565]]","[957, 10570]",,[],,False,703.7494897001517,128.44444444444431
3,1,3.996964931488037,11214,"[658, 208]",False,Right,False,0.0,False,0.5,True,"[[901, 308], [747, 336], [831, 476], [439, 560]]","[951, 10565]",,[],,False,698.1926706215593,124.3333333333332
3,1,4.01632285118103,11214,"[658, 208]",False,Right,False,0.0,False,0.5,True,"[[895, 303], [741, 331], [825, 471], [433, 555]]","[947, 10560]",,[],,False,693.742002066889,122.22222222222209
3,1,4.035681962966919,11214,"[658, 208]",False,Right,False,0.0,False,0.5,True,"[[891, 298], [737, 326], [821, 466], [429, 550]]","[940, 10555]",,[],,False,686.9414900591923,118.11111111111097
3,1,4.054958820343018,11214,"[658, 208]",False,Left,False,0.0,False,0.5,True,"[[884, 293], [730, 321], [814, 461], [422, 545]]","[931, 10550]",,[],,True,659,249
3,1,4.114070892333984,11214,"[658, 208]",False,Left,False,0.0,False,0.5,True,"[[875, 288], [721, 316], [805, 456], [413, 540]]","[936, 10545]",,[],,True,661,244
3,1,4.173066139221191,11214,"[658, 208]",False,Left,False,0.0,False,0.5,True,"[[880, 283], [726, 311], [810, 451], [418, 535]]","[939, 10540]",,[],,True,658,234
3,1,4.2320520877838135,11214,"[658, 208]",False,Left,False,0.0,False,0.5,True,"[[883, 278], [729, 306], [813, 446], [421, 530]]","[945, 10535]",,[],,True,573,208
3,1,4.29113507270813,11214,"[658, 208]",False,Left,False,0.0,False,0.5,True,"[[889, 273], [735, 301], [819, 441], [427, 525]]","[949, 10530]",,[],,False,578.963662175668,203.88888888888889
3,1,4.310284852981567,11214,"[658, 208]",False,Left,False,0.0,False,0.5,True,"[[893, 268], [739, 296], [823, 436], [431, 520]]","[953, 10525]",,[],,False,584.844247445082,199.77777777777777
3,1,4.3294758796691895,11214,"[658, 208]",False,Left,False,0.0,False,0.5,True,"[[897, 263], [743, 291], [827, 431], [435, 515]]","[957, 10520]",,[],,False,588.8944103857127,195.66666666666666
3,1,4.348594903945923,11214,"[658, 208]",False,Left,False,0.0,False,0.5,True,"[[901, 258], [747, 286], [831, 426], [439, 510]]","[961, 10515]",,[],,False,593.5588128183074,192.55555555555554
3,1,4.367990970611572,11214,"[658, 208]",False,Left,False,0.0,False,0.5,True,"[[905, 253], [751, 281], [835, 421], [443, 505]]","[963, 10510]",,[],,False,597.07818753795,188.44444444444443
3,1,4.387117862701416,11214,"[658, 208]",False,Left,False,0.0,False,0.5,True,"[[907, 248], [753, 276], [837, 416], [445, 500]]","[966, 10505]",,[],,False,601.3103949517853,184.33333333333331
3,1,4.406301975250244,11214,"[658, 208]",False,Left,False,0.0,False,0.5,True,"[[910, 243], [756, 271], [840, 411], [448, 495]]","[971, 10500]",,[],,False,608.2564821218548,180.2222222222222
3,1,4.425597906112671,11214,"[658, 208]",False,Left,False,0.0,False,0.5,True,"[[915, 238], [761, 266], [845, 406], [453, 490]]","[977, 10495]",,[],,False,614.7642348358949,176.1111111111111
3,1,4.444683790206909,11214,"[658, 208]",False,Left,False,0.0,False,0.5,True,"[[921, 233], [767, 261], [851, 401], [459, 485]]","[980, 10490]",,[],,False,616.7698098619713,171.99999999999997
3,1,4.463778972625732,11214,"[658, 208]",False,Left,False,0.0,False,0.5,True,"[[924, 228], [770, 256], [854, 396], [462, 480]]","[984, 10485]",,[],,False,621.4328347090039,167.88888888888886
3,1,4.482886075973511,11214,"[658, 208]",False,Left,False,0.0,False,0.5,True,"[[928, 223], [774, 251], [858, 391], [466, 475]]","[991, 10480]",,[],,False,628.0901414722899,165.77777777777774
3,1,4.502119064331055,11214,"[658, 208]",False,Left,False,0.0,False,0.5,True,"[[935, 218], [781, 246], [865, 386], [473, 470]]","[995, 10475]",,[],,False,632.4015590910413,163.66666666666663
3,1,4.521368980407715,11214,"[658, 208]",False,Left,False,0.0,False,0.5,True,"[[939, 213], [785, 241], [869, 381], [477, 465]]","[998, 10470]",,[],,False,637.1010952604455,161.55555555555551
3,1,4.540621995925903,11214,"[658, 208]",False,Left,False,0.0,False,0.5,True,"[[942, 208], [788, 236], [872, 376], [480, 460]]","[1003, 10465]",,[],,False,641.5066222237257,158.4444444444444
3,1,4.559874773025513,11214,"[658, 208]",False,Left,False,0.0,False,0.5,True,"[[947, 203], [793, 231], [877, 371], [485, 455]]","[1009, 10460]",,[],,False,646.5587254849972,155.3333333333333
3,1,4.5791919231414795,11214,"[658, 208]",False,Left,False,0.0,False,0.5,True,"[[953, 198], [799, 226], [883, 366], [491, 450]]","[1013, 10455]",,[],,False,651.4619088493721,152.22222222222217
3,1,4.598448991775513,11214,"[658, 208]",False,Left,False,0.0,False,0.5,True,"[[957, 193], [803, 221], [887, 361], [495, 445]]","[1012, 10450]",,[],,False,651.110916785162,148.11111111111106
3,1,4.6176111698150635,11214,"[658, 208]",False,Left,False,0.0,False,0.5,True,"[[956, 188], [802, 216], [886, 356], [494, 440]]","[1012, 10445]",,[],,False,650.8969451903902,145.99999999999994
3,1,4.636785984039307,11214,"[658, 208]",False,Right,False,0.0,False,0.5,True,"[[956, 183], [802, 211], [886, 351], [494, 435]]","[1018, 10440]",,[],,True,1017,601
3,1,4.68679404258728,11214,"[658, 208]",False,Right,False,0.0,False,0.5,True,"[[962, 178], [808, 206], [892, 346], [500, 430]]","[1014, 10435]",,[],,False,1014.3036004006674,597.8888888888889
3,1,4.706965923309326,11214,"[658, 208]",False,Right,False,0.0,False,0.5,True,"[[958, 173], [804, 201], [888, 341], [496, 425]]","[1010, 10430]",,[],,False,1009.3937775797071,594.7777777777778
3,1,4.726150035858154,11214,"[658, 208]",False,Right,False,0.0,False,0.5,True,"[[954, 168], [800, 196], [884, 336], [492, 420]]","[1002, 10425]",,[],,False,1002.7412435157956,590.6666666666667
3,1,4.745310068130493,11214,"[658, 208]",False,Right,False,0.0,False,0.5,True,"[[946, 163], [792, 191], [876, 331], [484, 415]]","[999, 10420]",,[],,False,1001.2011338453542,586.5555555555557
3,1,4.76442289352417,11214,"[658, 208]",False,Right,False,0.0,False,0.5,True,"[[943, 158], [789, 186], [873, 326], [481, 410]]","[993, 10415]",,[],,False,995.0079136701964,584.4444444444446
3,1,4.783929824829102,11214,"[658, 208]",False,Right,False,0.0,False,0.5,True,"[[937, 153], [783, 181], [867, 321], [475, 405], [937, 629]]","[987, 10410]",,[],,False,988.038403146246,580.3333333333335
3,1,4.8031110763549805,11214,"[658, 208]",False,Right,False,0.0,False,0.5,True,"[[931, 148], [777, 176], [861, 316], [469, 400], [931, 624]]","[978, 10405]",,[],,False,978.2778332711798,576.2222222222224
3,1,4.822205066680908,11214,"[658, 208]",False,Right,False,0.0,False,0.5,True,"[[922, 143], [768, 171], [852, 311], [460, 395], [922, 619]]","[976, 10400]",,[],,False,977.4780910798878,572.1111111111113
3,1,4.841335773468018,11214,"[658, 208]",False,Right,False,0.0,False,0.5,True,"[[920, 138], [766, 166], [850, 306], [458, 390], [920, 614]]","[973, 10395]",,[],,False,976.1388432207779,570.0000000000002
3,1,4.860555171966553,11214,"[658, 208]",False,Right,False,0.0,False,0.5,True,"[[917, 133], [763, 161], [847, 301], [455, 385], [917, 609]]","[970, 10390]",,[],,False,972.6786535906087,567.8888888888891
3,1,4.879583120346069,11214,"[658, 208]",False,Right,False,0.0,False,0.5,True,"[[914, 128], [760, 156], [844, 296], [452, 380], [914, 604]]","[962, 10385]",,[],,False,966.5581975354708,565.777777777778
3,1,4.89900803565979,11214,"[658, 208]",False,Right,False,0.0,False,0.5,True,"[[906, 123], [752, 151], [836, 291], [444, 375], [906, 599]]","[958, 10380]",,[],,False,962.3798772608978,561.666666666667
3,1,4.918428897857666,11214,"[658, 208]",False,Right,False,0.0,False,0.5,True,"[[902, 118], [748, 146], [832, 286], [440, 370], [902, 594]]","[952, 10375]",,[],,False,955.4516655596999,557.5555555555559
3,1,4.937650918960571,11214,"[658, 208]",False,Right,False,0.0,False,0.5,True,"[[896, 113], [742, 141], [826, 281], [434, 365], [896, 589]]","[945, 10370]",,[],,False,947.8434805732641,554.4444444444448
3,1,4.956693172454834,11214,"[658, 208]",False,Right,False,0.0,False,0.5,True,"[[889, 108], [735, 136], [819, 276], [427, 360], [889, 584]]","[941, 10365]",,[],,False,945.5272837639942,550.3333333333337
3,1,4.975950002670288,11214,"[658, 208]",False,Right,False,0.0,False,0.5,True,"[[885, 103], [731, 131], [815, 271], [423, 355], [885, 579]]","[940, 10360]",,[],,False,946.2442168798734,547.2222222222226
3,1,4.99554181098938,11214,"[658, 208]",False,Right,False,0.0,False,0.5,True,"[[884, 98], [730, 126], [814, 266], [422, 350], [884, 574]]","[936, 10355]",,[],,False,942.9319793550465,543.1111111111115
3,1,5.014752149581909,11214,"[658, 208]",False,Right,False,0.0,False,0.5,True,"[[880, 93], [726, 121], [810, 261], [418, 345], [880, 569]]","[931, 10350]",,[],,False,938.7232869486058,541.0000000000005
3,1,5.034041881561279,11214,"[658, 208]",False,Right,False,0.0,False,0.5,True,"[[875, 88], [721, 116], [805, 256], [413, 340], [875, 564]]","[927, 10345]",,[],,False,935.5119480793306,537.8888888888894
3,1,5.0532519817352295,11214,"[658, 208]",False,Right,False,0.0,False,0.5,True,"[[871, 83], [717, 111], [801, 251], [409, 335], [871, 559]]","[924, 10340]",,[],,False,931.9232237068852,534.7777777777783
3,1,5.0725178718566895,11214,"[658, 208]",False,Right,False,0.0,False,0.5,True,"[[868, 78], [714, 106], [798, 246], [406, 330], [868, 554]]","[919, 10335]",,[],,False,928.9022634369079,531.6666666666672
3,1,5.091845989227295,11214,"[658, 208]",False,Right,False,0.0,False,0.5,True,"[[863, 73], [709, 101], [793, 241], [401, 325], [863, 549]]","[912, 10330]",,[],,False,921.8334513034242,529.5555555555561
3,1,5.111135005950928,11214,"[658, 208]",False,Right,False,0.0,False,0.5,True,"[[856, 68], [702, 96], [786, 236], [394, 320], [856, 544]]","[909, 10325]",,[],,False,918.1333506374752,527.444444444445
3,1,5.130411863327026,11214,"[658, 208]",False,Right,False,0.0,False,0.5,True,"[[853, 63], [699, 91], [783, 231], [391, 315], [853, 539]]","[904, 10320]",,[],,False,913.1046110642834,523.3333333333339
3,1,5.149633884429932,11214,"[658, 208]",False,Right,False,0.0,False,0.5,True,"[[848, 58], [694, 86], [778, 226], [386, 310], [848, 534]]","[900, 10315]",,[],,False,908.9100387904027,521.2222222222229
3,1,5.168820142745972,11214,"[658, 208]",False,Right,False,0.0,False,0.5,True,"[[844, 53], [690, 81], [774, 221], [382, 305], [844, 529]]","[896, 10310]",,[],,False,906.6170235297773,518.1111111111118
3,1,5.187970876693726,11214,"[658, 208]",False,Right,False,0.0,False,0.5,True,"[[840, 48], [686, 76], [770, 216], [378, 300], [840, 524]]","[890, 10305]",,[],,False,902.5942705587734,515.0000000000007
3,1,5.2072789669036865,11214,"[658, 208]",False,Right,False,0.0,False,0.5,True,"[[834, 43], [680, 71], [764, 211], [372, 295], [834, 519]]","[887, 10300]",,[],,False,901.4989892834582,510.8888888888896
3,1,5.226679801940918,11214,"[658, 208]",False,Right,False,0.0,False,0.5,True,"[[831, 38], [677, 66], [761, 206], [369, 290], [831, 514]]","[879, 10295]",,[],,False,895.3248354087178,506.7777777777785
3,1,5.245952844619751,11214,"[658, 208]",False,Right,False,0.0,False,0.5,True,"[[823, 33], [669, 61], [753, 201], [361, 285], [823, 509]]","[871, 10290]",,[],,False,888.3796484991682,502.6666666666674
3,1,5.265136957168579,11214,"[658, 208]",False,Right,False,0.0,False,0.5,True,"[[815, 28], [661, 56], [745, 196], [353, 280], [815, 504]]","[864, 10285]",,[],,False,882.4491031504588,499.55555555555634
3,1,5.284432888031006,11214,"[658, 208]",False,Right,False,0.0,False,0.5,True,"[[808, 23], [654, 51], [738, 191], [346, 275], [808, 499]]","[863, 10280]",,[],,False,881.6454495555478,496.44444444444525
3,1,5.303722143173218,11214,"[658, 208]",False,Right,False,0.0,False,0.5,True,"[[807, 18], [653, 46], [737, 186], [345, 270], [807, 494]]","[859, 10275]",,[],,False,879.2378955263,493.33333333333417
3,1,5.3228559494018555,11214,"[658, 208]",False,Right,False,0.0,False,0.5,True,"[[803, 13], [649, 41], [733, 181], [341, 265], [803, 489]]","[855, 10270]",,[],,False,875.7741348738148,490.2222222222231
3,1,5.342008829116821,11214,"[658, 208]",False,Right,False,0.0,False,0.5,True,"[[799, 8], [645, 36], [729, 176], [337, 260], [799, 484]]","[848, 10265]",,[],,False,868.6256135106248,487.111111111112
3,1,5.361330986022949,11214,"[658, 208]",False,Right,False,0.0,False,0.5,True,"[[792, 3], [638, 31], [722, 171], [330, 255], [792, 479]]","[843, 10260]",,[],,False,864.6293887868517,485.0000000000009
3,1,5.380579948425293,11214,"[658, 208]",False,Right,False,0.0,False,0.5,True,"[[633, 26], [717, 166], [325, 250], [787, 474]]","[839, 10255]",,[],,False,862.393562798801,480.8888888888898
3,1,5.400058031082153,11214,"[658, 208]",False,Right,False,0.0,False,0.5,True,"[[629, 21], [713, 161], [321, 245], [783, 469]]","[834, 10250]",,[],,False,859.2358555277418,476.77777777777874
3,1,5.419329881668091,11214,"[658, 208]",False,Right,False,0.0,False,0.5,True,"[[624, 16], [708, 156], [316, 240], [778, 464]]","[832, 10245]",,[],,False,856.8663017820447,472.66666666666765
3,1,5.438655138015747,11214,"[658, 208]",False,Right,False,0.0,False,0.5,True,"[[622, 11], [706, 151], [314, 235], [776, 459]]","[826, 10240]",,[],,False,850.479068750667,468.55555555555657
3,1,5.457926988601685,11214,"[658, 208]",False,Right,False,0.0,False,0.5,True,"[[616, 6], [700, 146], [308, 230], [770, 454]]","[821, 10235]",,[],,False,845.5821482612827,465.4444444444455
3,1,5.477231025695801,11214,"[658, 208]",False,Right,False,0.0,False,0.5,True,"[[611, 1], [695, 141], [303, 225], [765, 449]]","[817, 10230]",,[],,False,841.765623253352,462.3333333333344
3,1,5.4965808391571045,11214,"[658, 208]",False,Right,False,0.0,False,0.5,True,"[[691, 136], [299, 220], [761, 444]]","[808, 10225]",,[],,False,833.519599627763,459.2222222222233
3,1,5.515655040740967,11214,"[658, 208]",False,Right,False,0.0,False,0.5,True,"[[682, 131], [290, 215], [752, 439]]","[802, 10220]",,[],,False,827.2673606933788,455.1111111111122
3,1,5.535246849060059,11214,"[658, 208]",False,Right,False,0.0,False,0.5,True,"[[676, 126], [284, 210], [746, 434]]","[797, 10215]",,[],,False,821.2788409326765,452.00000000000114
3,1,5.555248975753784,11214,"[658, 208]",False,Right,False,0.0,False,0.5,True,"[[671, 121], [279, 205], [741, 429]]","[790, 10210]",,[],,False,813.5433979630402,448.88888888889005
3,1,5.575246810913086,11214,"[658, 208]",False,Right,False,0.0,False,0.5,True,"[[664, 116], [272, 200], [734, 424]]","[789, 10205]",,[],,False,811.6437652190408,446.77777777777897
3,1,5.594619035720825,11214,"[658, 208]",False,Right,False,0.0,False,0.5,True,"[[663, 111], [271, 195], [733, 419]]","[784, 10200]",,[],,False,808.4743825304092,443.6666666666679
3,1,5.613799095153809,11214,"[658, 208]",False,Right,False,0.0,False,0.5,True,"[[658, 106], [266, 190], [728, 414]]","[776, 10195]",,[],,False,801.5192205745484,441.5555555555568
3,1,5.633131742477417,11214,"[658, 208]",False,Right,False,0.0,False,0.5,True,"[[650, 101], [258, 185], [720, 409]]","[767, 10190]",,[],,False,792.0842695928221,438.4444444444457
3,1,5.652367830276489,11214,"[658, 208]",False,Right,False,0.0,False,0.5,True,"[[641, 96], [249, 180], [711, 404]]","[763, 10185]",,[],,False,790.0826603692668,435.3333333333346
3,1,5.6716508865356445,11214,"[658, 208]",False,Right,False,0.0,False,0.5,True,"[[637, 91], [245, 175], [707, 399]]","[756, 10180]",,[],,False,782.4538203153338,433.22222222222354
3,1,5.690908908843994,11214,"[658, 208]",False,Right,False,0.0,False,0.5,True,"[[630, 86], [238, 170], [700, 394]]","[750, 10175]",,[],,False,777.9221824589308,430.11111111111245
3,1,5.710035085678101,11214,"[658, 208]",False,Right,False,0.0,False,0.5,True,"[[624, 81], [232, 165], [694, 389]]","[745, 10170]",,[],,False,772.897426940499,426.00000000000136
3,1,5.729295969009399,11214,"[658, 208]",False,Right,False,0.0,False,0.5,True,"[[619, 76], [227, 160], [689, 384]]","[736, 10165]",,[],,False,764.3290342119828,422.8888888888903
3,1,5.748502969741821,11214,"[658, 208]",False,Right,False,0.0,False,0.5,True,"[[610, 71], [218, 155], [680, 379]]","[733, 10160]",,[],,False,762.5019397460475,419.7777777777792
3,1,5.7678139209747314,11214,"[658, 208]",False,Right,False,0.0,False,0.5,True,"[[607, 66], [215, 150], [677, 374]]","[731, 10155]",,[],,False,762.2892499160611,416.6666666666681
3,1,5.787032842636108,11214,"[658, 208]",False,Right,False,0.0,False,0.5,True,"[[605, 61], [213, 145], [675, 369]]","[723, 10150]",,[],,False,754.0506332065686,412.555555555557
3,1,5.806931018829346,11214,"[658, 208]",False,Right,False,0.0,False,0.5,True,"[[597, 56], [205, 140], [667, 364]]","[719, 10145]",,[],,False,750.1135578549305,410.44444444444594
3,1,5.826645135879517,11214,"[658, 208]",False,Right,False,0.0,False,0.5,True,"[[593, 51], [201, 135], [663, 359]]","[715, 10140]",,[],,False,748.1107070626231,408.33333333333485
3,1,5.845980882644653,11214,"[658, 208]",False,Right,False,0.0,False,0.5,True,"[[589, 46], [197, 130], [659, 354]]","[709, 10135]",,[],,False,741.9696675730347,405.22222222222376
3,1,5.865306854248047,11214,"[658, 208]",False,Right,False,0.0,False,0.5,True,"[[583, 41], [191, 125], [653, 349]]","[706, 10130]",,[],,False,740.9185134619113,403.1111111111127
3,1,5.884674787521362,11214,"[658, 208]",False,Right,False,0.0,False,0.5,True,"[[580, 36], [188, 120], [650, 344]]","[700, 10125]",,[],,False,734.5079266683099,401.0000000000016
3,1,5.903965950012207,11214,"[658, 208]",False,Right,False,0.0,False,0.5,True,"[[574, 31], [182, 115], [644, 339]]","[693, 10120]",,[],,False,726.6454274054024,398.8888888888905
3,1,5.923283100128174,11214,"[658, 208]",False,Right,False,0.0,False,0.5,True,"[[567, 26], [175, 110], [637, 334]]","[686, 10115]",,[],,False,719.9179692046746,395.7777777777794
3,1,5.942523002624512,11214,"[658, 208]",False,Right,False,0.0,False,0.5,True,"[[560, 21], [168, 105], [630, 329]]","[683, 10110]",,[],,False,718.1900831636409,392.66666666666833
3,1,5.961277961730957,11214,"[658, 208]",False,Right,False,0.0,False,0.5,True,"[[557, 16], [165, 100], [627, 324]]","[682, 10105]",,[],,False,717.293475006872,389.55555555555725
3,1,5.979996919631958,11214,"[658, 208]",False,Right,False,0.0,False,0.5,True,"[[556, 11], [164, 95], [626, 319]]","[674, 10100]",,[],,False,709.452193836385,386.44444444444616
3,1,5.998784065246582,11214,"[658, 208]",False,Right,False,0.0,False,0.5,True,"[[548, 6], [156, 90], [618, 314]]","[669, 10095]",,[],,False,705.4441934597497,384.3333333333351
3,1,6.017593860626221,11214,"[658, 208]",False,Right,False,0.0,False,0.5,True,"[[543, 1], [151, 85], [613, 309]]","[664, 10090]",,[],,False,701.805476163236,382.222222222224
3,1,6.036214828491211,11214,"[658, 208]",False,Right,False,0.0,False,0.5,True,"[[146, 80], [608, 304]]","[660, 10085]",,[],,False,699.0635198493139,378.1111111111129
3,1,6.055444002151489,11214,"[658, 208]",True,Right,False,0.0,False,0.5,True,"[[142, 75], [604, 299]]","[652, 10080]",,[],,False,690.7858431257768,375.0000000000018
3,1,6.07417106628418,11214,"[658, 208]",True,Right,False,0.0,False,0.5,True,"[[134, 70], [596, 294]]","[652, 10080]",,[],,False,690.7858431257768,375.0000000000018
